Time (s),Voltage (V)
-3e-08,0.12
-2.996e-08,0.12
-2.992e-08,0.12
-2.988e-08,0.12
-2.9839999999999995e-08,0.12
-2.98e-08,0.12
-2.9759999999999996e-08,0.12
-2.9719999999999997e-08,0.16
-2.968e-08,0.16
-2.9639999999999996e-08,0.16
-2.9599999999999997e-08,0.16
-2.9559999999999998e-08,0.16
-2.9519999999999996e-08,0.16
-2.9479999999999997e-08,0.16
-2.9439999999999998e-08,0.16
-2.94e-08,0.16
-2.9359999999999996e-08,0.16
-2.9319999999999997e-08,0.16
-2.9279999999999998e-08,0.16
-2.9239999999999996e-08,0.16
-2.9199999999999997e-08,0.16
-2.9159999999999998e-08,0.16
-2.912e-08,0.16
-2.9079999999999996e-08,0.16
-2.9039999999999997e-08,0.16
-2.8999999999999998e-08,0.16
-2.8959999999999996e-08,0.16
-2.8919999999999997e-08,0.16
-2.8879999999999998e-08,0.16
-2.884e-08,0.16
-2.8799999999999996e-08,0.16
-2.8759999999999997e-08,0.16
-2.872e-08,0.16
-2.8679999999999996e-08,0.16
-2.8639999999999997e-08,0.16
-2.8599999999999998e-08,0.16
-2.856e-08,0.16
-2.8519999999999997e-08,0.2
-2.8479999999999998e-08,0.2
-2.844e-08,0.2
-2.8399999999999996e-08,0.2
-2.8359999999999997e-08,0.2
-2.8319999999999998e-08,0.2
-2.828e-08,0.2
-2.8239999999999997e-08,0.2
-2.8199999999999998e-08,0.2
-2.816e-08,0.2
-2.8119999999999996e-08,0.2
-2.8079999999999997e-08,0.2
-2.8039999999999998e-08,0.2
-2.8e-08,0.2
-2.7959999999999997e-08,0.2
-2.7919999999999998e-08,0.2
-2.788e-08,0.2
-2.7839999999999997e-08,0.2
-2.7799999999999997e-08,0.2
-2.776e-08,0.2
-2.7719999999999996e-08,0.2
-2.7679999999999997e-08,0.2
-2.7639999999999998e-08,0.2
-2.7599999999999996e-08,0.2
-2.7559999999999997e-08,0.2
-2.7519999999999998e-08,0.2
-2.748e-08,0.2
-2.7439999999999996e-08,0.2
-2.7399999999999997e-08,0.2
-2.7359999999999998e-08,0.2
-2.7319999999999996e-08,0.2
-2.7279999999999997e-08,0.2
-2.7239999999999998e-08,0.2
-2.72e-08,0.2
-2.7159999999999996e-08,0.2
-2.7119999999999997e-08,0.2
-2.7079999999999998e-08,0.2
-2.7039999999999996e-08,0.2
-2.6999999999999997e-08,0.2
-2.6959999999999998e-08,0.2
-2.692e-08,0.2
-2.6879999999999997e-08,0.2
-2.6839999999999997e-08,0.2
-2.68e-08,0.2
-2.6759999999999996e-08,0.2
-2.6719999999999997e-08,0.2
-2.6679999999999998e-08,0.2
-2.664e-08,0.2
-2.6599999999999997e-08,0.2
-2.6559999999999998e-08,0.2
-2.652e-08,0.2
-2.6479999999999996e-08,0.2
-2.6439999999999997e-08,0.2
-2.6399999999999998e-08,0.2
-2.636e-08,0.2
-2.6319999999999997e-08,0.2
-2.6279999999999998e-08,0.2
-2.624e-08,0.16
-2.6199999999999996e-08,0.16
-2.6159999999999997e-08,0.16
-2.6119999999999998e-08,0.16
-2.608e-08,0.16
-2.6039999999999997e-08,0.16
-2.5999999999999998e-08,0.16
-2.5959999999999996e-08,0.16
-2.5919999999999997e-08,0.16
-2.5879999999999997e-08,0.16
-2.584e-08,0.16
-2.58e-08,0.16
-2.5759999999999997e-08,0.16
-2.5719999999999998e-08,0.16
-2.5679999999999996e-08,0.16
-2.5639999999999997e-08,0.16
-2.5599999999999998e-08,0.16
-2.556e-08,0.16
-2.552e-08,0.16
-2.5479999999999997e-08,0.16
-2.5439999999999998e-08,0.16
-2.5399999999999996e-08,0.16
-2.5359999999999997e-08,0.16
-2.5319999999999998e-08,0.16
-2.528e-08,0.16
-2.5239999999999996e-08,0.16
-2.5199999999999997e-08,0.16
-2.5159999999999998e-08,0.16
-2.5119999999999996e-08,0.16
-2.5079999999999997e-08,0.16
-2.5039999999999998e-08,0.12
-2.5e-08,0.12
-2.4959999999999997e-08,0.12
-2.4919999999999997e-08,0.12
-2.488e-08,0.12
-2.4839999999999996e-08,0.12
-2.4799999999999997e-08,0.12
-2.4759999999999998e-08,0.12
-2.472e-08,0.16
-2.4679999999999997e-08,0.16
-2.4639999999999998e-08,0.16
-2.46e-08,0.16
-2.4559999999999996e-08,0.16
-2.4519999999999997e-08,0.16
-2.4479999999999998e-08,0.16
-2.444e-08,0.16
-2.4399999999999997e-08,0.16
-2.4359999999999998e-08,0.16
-2.432e-08,0.16
-2.4279999999999996e-08,0.16
-2.4239999999999997e-08,0.16
-2.4199999999999998e-08,0.16
-2.416e-08,0.16
-2.4119999999999997e-08,0.16
-2.4079999999999998e-08,0.16
-2.404e-08,0.16
-2.3999999999999997e-08,0.16
-2.3959999999999997e-08,0.16
-2.392e-08,0.16
-2.388e-08,0.16
-2.3839999999999997e-08,0.16
-2.3799999999999998e-08,0.16
-2.3759999999999996e-08,0.16
-2.3719999999999997e-08,0.16
-2.3679999999999998e-08,0.16
-2.364e-08,0.16
-2.36e-08,0.16
-2.3559999999999997e-08,0.2
-2.3519999999999998e-08,0.2
-2.3479999999999996e-08,0.2
-2.3439999999999997e-08,0.2
-2.3399999999999998e-08,0.2
-2.336e-08,0.2
-2.332e-08,0.2
-2.3279999999999997e-08,0.2
-2.3239999999999998e-08,0.2
-2.3199999999999996e-08,0.16
-2.3159999999999997e-08,0.16
-2.3119999999999998e-08,0.16
-2.308e-08,0.16
-2.3039999999999997e-08,0.16
-2.2999999999999998e-08,0.16
-2.296e-08,0.16
-2.2919999999999996e-08,0.16
-2.2879999999999997e-08,0.16
-2.2839999999999998e-08,0.16
-2.28e-08,0.16
-2.2759999999999997e-08,0.16
-2.2719999999999998e-08,0.16
-2.268e-08,0.16
-2.2639999999999996e-08,0.16
-2.2599999999999997e-08,0.16
-2.2559999999999998e-08,0.16
-2.252e-08,0.16
-2.248e-08,0.16
-2.2439999999999998e-08,0.16
-2.2399999999999995e-08,0.16
-2.2359999999999996e-08,0.16
-2.2319999999999997e-08,0.16
-2.2279999999999998e-08,0.16
-2.224e-08,0.16
-2.22e-08,0.16
-2.2159999999999998e-08,0.16
-2.2119999999999996e-08,0.16
-2.2079999999999997e-08,0.16
-2.2039999999999998e-08,0.16
-2.2e-08,0.16
-2.196e-08,0.16
-2.1919999999999997e-08,0.16
-2.1879999999999998e-08,0.16
-2.1839999999999996e-08,0.16
-2.1799999999999997e-08,0.16
-2.1759999999999998e-08,0.16
-2.172e-08,0.16
-2.168e-08,0.16
-2.1639999999999997e-08,0.16
-2.1599999999999998e-08,0.16
-2.1559999999999996e-08,0.16
-2.1519999999999997e-08,0.16
-2.1479999999999998e-08,0.16
-2.144e-08,0.16
-2.14e-08,0.16
-2.1359999999999997e-08,0.16
-2.1319999999999998e-08,0.16
-2.1279999999999996e-08,0.16
-2.1239999999999997e-08,0.16
-2.1199999999999998e-08,0.16
-2.116e-08,0.16
-2.112e-08,0.16
-2.1079999999999998e-08,0.16
-2.104e-08,0.16
-2.0999999999999996e-08,0.16
-2.0959999999999997e-08,0.16
-2.0919999999999998e-08,0.16
-2.088e-08,0.16
-2.084e-08,0.16
-2.0799999999999998e-08,0.16
-2.076e-08,0.16
-2.0719999999999996e-08,0.16
-2.0679999999999997e-08,0.16
-2.0639999999999998e-08,0.16
-2.06e-08,0.16
-2.056e-08,0.16
-2.0519999999999998e-08,0.16
-2.0479999999999995e-08,0.16
-2.0439999999999996e-08,0.16
-2.0399999999999997e-08,0.16
-2.036e-08,0.16
-2.032e-08,0.16
-2.028e-08,0.16
-2.0239999999999998e-08,0.12
-2.0199999999999996e-08,0.12
-2.0159999999999997e-08,0.12
-2.0119999999999998e-08,0.12
-2.008e-08,0.12
-2.004e-08,0.12
-1.9999999999999997e-08,0.12
-1.9959999999999998e-08,0.12
-1.9919999999999996e-08,0.12
-1.9879999999999997e-08,0.12
-1.9839999999999998e-08,0.12
-1.98e-08,0.12
-1.976e-08,0.12
-1.9719999999999997e-08,0.12
-1.9679999999999998e-08,0.12
-1.9639999999999996e-08,0.12
-1.9599999999999997e-08,0.12
-1.9559999999999998e-08,0.12
-1.952e-08,0.12
-1.948e-08,0.12
-1.9439999999999997e-08,0.12
-1.94e-08,0.12
-1.9359999999999996e-08,0.12
-1.9319999999999997e-08,0.12
-1.9279999999999998e-08,0.12
-1.924e-08,0.12
-1.92e-08,0.12
-1.9159999999999998e-08,0.12
-1.912e-08,0.12
-1.9079999999999996e-08,0.12
-1.9039999999999997e-08,0.08
-1.8999999999999998e-08,0.08
-1.896e-08,0.08
-1.892e-08,0.08
-1.8879999999999998e-08,0.08
-1.884e-08,0.08
-1.8799999999999996e-08,0.08
-1.8759999999999997e-08,0.08
-1.8719999999999998e-08,0.12
-1.868e-08,0.12
-1.864e-08,0.12
-1.8599999999999998e-08,0.12
-1.856e-08,0.12
-1.8519999999999996e-08,0.12
-1.8479999999999997e-08,0.12
-1.844e-08,0.12
-1.84e-08,0.12
-1.836e-08,0.12
-1.8319999999999998e-08,0.12
-1.8279999999999996e-08,0.12
-1.8239999999999997e-08,0.12
-1.8199999999999998e-08,0.12
-1.816e-08,0.12
-1.812e-08,0.12
-1.808e-08,0.12
-1.8039999999999998e-08,0.12
-1.7999999999999996e-08,0.12
-1.7959999999999997e-08,0.12
-1.7919999999999998e-08,0.12
-1.788e-08,0.12
-1.784e-08,0.12
-1.7799999999999997e-08,0.12
-1.7759999999999998e-08,0.12
-1.7719999999999996e-08,0.12
-1.7679999999999997e-08,0.12
-1.7639999999999998e-08,0.12
-1.76e-08,0.12
-1.756e-08,0.12
-1.7519999999999997e-08,0.16
-1.748e-08,0.16
-1.7439999999999996e-08,0.16
-1.7399999999999997e-08,0.16
-1.7359999999999998e-08,0.16
-1.732e-08,0.16
-1.728e-08,0.16
-1.7239999999999998e-08,0.16
-1.72e-08,0.16
-1.7159999999999996e-08,0.16
-1.7119999999999997e-08,0.16
-1.7079999999999998e-08,0.16
-1.704e-08,0.16
-1.7e-08,0.16
-1.6959999999999998e-08,0.16
-1.692e-08,0.16
-1.6879999999999996e-08,0.16
-1.6839999999999997e-08,0.16
-1.6799999999999998e-08,0.16
-1.676e-08,0.16
-1.672e-08,0.16
-1.6679999999999998e-08,0.16
-1.664e-08,0.16
-1.6599999999999996e-08,0.16
-1.6559999999999997e-08,0.16
-1.652e-08,0.16
-1.648e-08,0.16
-1.644e-08,0.16
-1.6399999999999998e-08,0.16
-1.636e-08,0.16
-1.6319999999999997e-08,0.16
-1.6279999999999998e-08,0.16
-1.624e-08,0.16
-1.62e-08,0.16
-1.616e-08,0.16
-1.6119999999999998e-08,0.16
-1.6079999999999996e-08,0.16
-1.6039999999999997e-08,0.16
-1.5999999999999998e-08,0.16
-1.596e-08,0.16
-1.592e-08,0.16
-1.588e-08,0.16
-1.5839999999999998e-08,0.16
-1.5799999999999996e-08,0.16
-1.5759999999999997e-08,0.16
-1.5719999999999998e-08,0.16
-1.568e-08,0.16
-1.564e-08,0.16
-1.5599999999999997e-08,0.16
-1.556e-08,0.2
-1.5519999999999996e-08,0.2
-1.5479999999999997e-08,0.2
-1.5439999999999998e-08,0.2
-1.54e-08,0.2
-1.536e-08,0.2
-1.5319999999999998e-08,0.2
-1.528e-08,0.2
-1.5239999999999996e-08,0.2
-1.5199999999999997e-08,0.16
-1.5159999999999998e-08,0.16
-1.512e-08,0.16
-1.5079999999999997e-08,0.16
-1.5039999999999998e-08,0.16
-1.5e-08,0.16
-1.496e-08,0.16
-1.4919999999999997e-08,0.16
-1.4879999999999998e-08,0.16
-1.484e-08,0.16
-1.4799999999999997e-08,0.16
-1.4759999999999998e-08,0.16
-1.4719999999999999e-08,0.16
-1.468e-08,0.16
-1.4639999999999997e-08,0.16
-1.4599999999999998e-08,0.16
-1.456e-08,0.16
-1.4519999999999997e-08,0.16
-1.4479999999999998e-08,0.16
-1.4439999999999999e-08,0.16
-1.44e-08,0.16
-1.4359999999999998e-08,0.16
-1.4319999999999999e-08,0.16
-1.428e-08,0.16
-1.4239999999999997e-08,0.16
-1.4199999999999998e-08,0.16
-1.4159999999999999e-08,0.16
-1.4119999999999997e-08,0.16
-1.4079999999999998e-08,0.16
-1.4039999999999999e-08,0.12
-1.4e-08,0.12
-1.3959999999999997e-08,0.12
-1.3919999999999998e-08,0.12
-1.388e-08,0.12
-1.3839999999999997e-08,0.12
-1.3799999999999998e-08,0.12
-1.3759999999999999e-08,0.12
-1.372e-08,0.16
-1.3679999999999997e-08,0.16
-1.3639999999999998e-08,0.16
-1.36e-08,0.16
-1.3559999999999997e-08,0.16
-1.3519999999999998e-08,0.16
-1.3479999999999999e-08,0.16
-1.344e-08,0.16
-1.3399999999999998e-08,0.16
-1.3359999999999999e-08,0.16
-1.332e-08,0.16
-1.3279999999999997e-08,0.16
-1.3239999999999998e-08,0.16
-1.3199999999999999e-08,0.16
-1.3159999999999997e-08,0.16
-1.3119999999999998e-08,0.16
-1.3079999999999999e-08,0.16
-1.304e-08,0.16
-1.2999999999999997e-08,0.16
-1.2959999999999998e-08,0.16
-1.292e-08,0.16
-1.2879999999999997e-08,0.16
-1.2839999999999998e-08,0.16
-1.2799999999999999e-08,0.16
-1.276e-08,0.16
-1.2719999999999997e-08,0.16
-1.2679999999999998e-08,0.16
-1.264e-08,0.16
-1.2599999999999997e-08,0.16
-1.2559999999999998e-08,0.16
-1.2519999999999999e-08,0.2
-1.248e-08,0.2
-1.2439999999999998e-08,0.2
-1.2399999999999999e-08,0.2
-1.236e-08,0.2
-1.2319999999999997e-08,0.2
-1.2279999999999998e-08,0.2
-1.2239999999999999e-08,0.2
-1.2199999999999997e-08,0.2
-1.2159999999999998e-08,0.2
-1.2119999999999999e-08,0.2
-1.208e-08,0.2
-1.2039999999999997e-08,0.2
-1.1999999999999998e-08,0.2
-1.196e-08,0.2
-1.1919999999999997e-08,0.2
-1.1879999999999998e-08,0.2
-1.1839999999999999e-08,0.2
-1.18e-08,0.2
-1.1759999999999997e-08,0.2
-1.1719999999999998e-08,0.2
-1.168e-08,0.2
-1.1639999999999997e-08,0.2
-1.1599999999999998e-08,0.2
-1.1559999999999999e-08,0.2
-1.152e-08,0.2
-1.1479999999999998e-08,0.2
-1.1439999999999999e-08,0.2
-1.14e-08,0.2
-1.1359999999999997e-08,0.2
-1.1319999999999998e-08,0.2
-1.1279999999999999e-08,0.2
-1.124e-08,0.2
-1.1199999999999998e-08,0.2
-1.1159999999999999e-08,0.2
-1.112e-08,0.2
-1.1079999999999997e-08,0.2
-1.1039999999999998e-08,0.2
-1.1e-08,0.2
-1.0959999999999997e-08,0.2
-1.0919999999999998e-08,0.2
-1.0879999999999999e-08,0.2
-1.084e-08,0.2
-1.0799999999999997e-08,0.2
-1.0759999999999998e-08,0.2
-1.072e-08,0.2
-1.0679999999999997e-08,0.2
-1.0639999999999998e-08,0.2
-1.0599999999999999e-08,0.2
-1.056e-08,0.24
-1.0519999999999998e-08,0.24
-1.0479999999999999e-08,0.24
-1.044e-08,0.24
-1.0399999999999997e-08,0.24
-1.0359999999999998e-08,0.24
-1.0319999999999999e-08,0.24
-1.028e-08,0.24
-1.0239999999999998e-08,0.24
-1.0199999999999999e-08,0.24
-1.016e-08,0.24
-1.0119999999999997e-08,0.2
-1.0079999999999998e-08,0.2
-1.004e-08,0.2
-9.999999999999997e-09,0.2
-9.959999999999998e-09,0.2
-9.919999999999999e-09,0.2
-9.88e-09,0.2
-9.839999999999997e-09,0.2
-9.799999999999998e-09,0.2
-9.76e-09,0.2
-9.719999999999997e-09,0.2
-9.679999999999998e-09,0.2
-9.639999999999999e-09,0.2
-9.6e-09,0.2
-9.559999999999998e-09,0.2
-9.519999999999999e-09,0.2
-9.48e-09,0.2
-9.439999999999997e-09,0.2
-9.399999999999998e-09,0.2
-9.359999999999999e-09,0.2
-9.32e-09,0.2
-9.279999999999998e-09,0.16
-9.239999999999999e-09,0.16
-9.2e-09,0.16
-9.159999999999997e-09,0.16
-9.119999999999998e-09,0.16
-9.08e-09,0.16
-9.04e-09,0.16
-8.999999999999998e-09,0.16
-8.959999999999999e-09,0.16
-8.92e-09,0.16
-8.879999999999997e-09,0.16
-8.839999999999998e-09,0.16
-8.8e-09,0.16
-8.759999999999997e-09,0.16
-8.719999999999998e-09,0.16
-8.679999999999999e-09,0.16
-8.64e-09,0.16
-8.599999999999998e-09,0.16
-8.559999999999999e-09,0.16
-8.52e-09,0.16
-8.479999999999997e-09,0.16
-8.439999999999998e-09,0.16
-8.399999999999999e-09,0.16
-8.36e-09,0.16
-8.319999999999998e-09,0.16
-8.279999999999999e-09,0.16
-8.24e-09,0.16
-8.199999999999997e-09,0.16
-8.159999999999998e-09,0.16
-8.12e-09,0.16
-8.08e-09,0.16
-8.039999999999998e-09,0.16
-7.999999999999999e-09,0.16
-7.96e-09,0.16
-7.919999999999997e-09,0.16
-7.879999999999998e-09,0.16
-7.84e-09,0.16
-7.799999999999997e-09,0.16
-7.759999999999998e-09,0.16
-7.719999999999999e-09,0.16
-7.68e-09,0.16
-7.639999999999998e-09,0.16
-7.599999999999999e-09,0.16
-7.56e-09,0.16
-7.519999999999997e-09,0.16
-7.479999999999998e-09,0.16
-7.439999999999999e-09,0.16
-7.4e-09,0.16
-7.359999999999998e-09,0.16
-7.319999999999999e-09,0.16
-7.28e-09,0.16
-7.239999999999997e-09,0.16
-7.199999999999998e-09,0.16
-7.159999999999999e-09,0.16
-7.12e-09,0.16
-7.079999999999998e-09,0.16
-7.039999999999999e-09,0.16
-7e-09,0.16
-6.9599999999999975e-09,0.16
-6.9199999999999984e-09,0.16
-6.879999999999999e-09,0.16
-6.84e-09,0.16
-6.799999999999998e-09,0.16
-6.759999999999999e-09,0.16
-6.72e-09,0.16
-6.679999999999998e-09,0.16
-6.6399999999999986e-09,0.16
-6.5999999999999995e-09,0.16
-6.559999999999997e-09,0.16
-6.519999999999998e-09,0.16
-6.479999999999999e-09,0.16
-6.44e-09,0.16
-6.399999999999998e-09,0.16
-6.359999999999999e-09,0.16
-6.32e-09,0.16
-6.279999999999997e-09,0.16
-6.239999999999998e-09,0.16
-6.199999999999999e-09,0.16
-6.16e-09,0.16
-6.119999999999998e-09,0.16
-6.079999999999999e-09,0.16
-6.04e-09,0.16
-5.9999999999999975e-09,0.16
-5.9599999999999984e-09,0.16
-5.919999999999999e-09,0.16
-5.88e-09,0.16
-5.839999999999998e-09,0.16
-5.799999999999999e-09,0.16
-5.76e-09,0.16
-5.719999999999998e-09,0.16
-5.6799999999999986e-09,0.16
-5.6399999999999995e-09,0.16
-5.599999999999997e-09,0.16
-5.559999999999998e-09,0.16
-5.519999999999999e-09,0.16
-5.48e-09,0.2
-5.439999999999998e-09,0.2
-5.399999999999999e-09,0.2
-5.36e-09,0.2
-5.319999999999997e-09,0.2
-5.279999999999998e-09,0.2
-5.239999999999999e-09,0.2
-5.2e-09,0.2
-5.159999999999998e-09,0.2
-5.119999999999999e-09,0.2
-5.08e-09,0.2
-5.0399999999999975e-09,0.2
-4.9999999999999985e-09,0.2
-4.9599999999999994e-09,0.2
-4.92e-09,0.24
-4.879999999999998e-09,0.24
-4.839999999999999e-09,0.24
-4.8e-09,0.24
-4.759999999999998e-09,0.24
-4.719999999999999e-09,0.24
-4.6799999999999996e-09,0.24
-4.639999999999997e-09,0.24
-4.599999999999998e-09,0.24
-4.559999999999999e-09,0.24
-4.52e-09,0.24
-4.479999999999998e-09,0.24
-4.439999999999999e-09,0.28
-4.4e-09,0.28
-4.359999999999997e-09,0.28
-4.319999999999998e-09,0.28
-4.279999999999999e-09,0.28
-4.24e-09,0.28
-4.199999999999998e-09,0.28
-4.159999999999999e-09,0.28
-4.12e-09,0.28
-4.0799999999999975e-09,0.28
-4.0399999999999985e-09,0.28
-3.9999999999999994e-09,0.28
-3.96e-09,0.28
-3.919999999999998e-09,0.28
-3.879999999999999e-09,0.28
-3.84e-09,0.28
-3.799999999999998e-09,0.28
-3.759999999999999e-09,0.28
-3.7199999999999996e-09,0.28
-3.6800000000000005e-09,0.32
-3.639999999999998e-09,0.32
-3.599999999999999e-09,0.32
-3.56e-09,0.32
-3.5199999999999978e-09,0.32
-3.4799999999999987e-09,0.32
-3.4399999999999997e-09,0.32
-3.3999999999999974e-09,0.32
-3.3599999999999983e-09,0.32
-3.3199999999999993e-09,0.32
-3.2800000000000003e-09,0.32
-3.239999999999998e-09,0.32
-3.199999999999999e-09,0.32
-3.16e-09,0.32
-3.1199999999999975e-09,0.28
-3.0799999999999985e-09,0.28
-3.0399999999999994e-09,0.28
-3.0000000000000004e-09,0.28
-2.959999999999998e-09,0.28
-2.919999999999999e-09,0.28
-2.88e-09,0.28
-2.8399999999999976e-09,0.28
-2.7999999999999986e-09,0.28
-2.7599999999999996e-09,0.28
-2.7200000000000005e-09,0.28
-2.679999999999998e-09,0.28
-2.639999999999999e-09,0.28
-2.6e-09,0.28
-2.5599999999999978e-09,0.28
-2.5199999999999987e-09,0.28
-2.4799999999999997e-09,0.28
-2.4399999999999974e-09,0.28
-2.3999999999999983e-09,0.28
-2.3599999999999993e-09,0.28
-2.3200000000000003e-09,0.28
-2.279999999999998e-09,0.28
-2.239999999999999e-09,0.24
-2.2e-09,0.24
-2.1599999999999975e-09,0.24
-2.1199999999999985e-09,0.24
-2.0799999999999994e-09,0.24
-2.0400000000000004e-09,0.24
-1.999999999999998e-09,0.24
-1.959999999999999e-09,0.24
-1.92e-09,0.24
-1.8799999999999976e-09,0.24
-1.8399999999999986e-09,0.24
-1.7999999999999996e-09,0.24
-1.7600000000000005e-09,0.24
-1.7199999999999982e-09,0.24
-1.6799999999999992e-09,0.24
-1.6400000000000001e-09,0.24
-1.5999999999999978e-09,0.24
-1.5599999999999987e-09,0.24
-1.5199999999999997e-09,0.24
-1.4800000000000007e-09,0.24
-1.4399999999999983e-09,0.24
-1.3999999999999993e-09,0.24
-1.3600000000000003e-09,0.24
-1.319999999999998e-09,0.2
-1.2799999999999989e-09,0.2
-1.2399999999999999e-09,0.2
-1.1999999999999975e-09,0.2
-1.1599999999999985e-09,0.2
-1.1199999999999994e-09,0.2
-1.0800000000000004e-09,0.2
-1.039999999999998e-09,0.2
-9.99999999999999e-10,0.2
-9.6e-10,0.2
-9.199999999999977e-10,0.2
-8.799999999999986e-10,0.2
-8.399999999999996e-10,0.16
-8.000000000000005e-10,0.16
-7.599999999999982e-10,0.16
-7.199999999999992e-10,0.16
-6.800000000000001e-10,0.16
-6.399999999999978e-10,0.16
-5.999999999999988e-10,0.16
-5.599999999999997e-10,0.16
-5.200000000000007e-10,0.16
-4.799999999999983e-10,0.16
-4.399999999999993e-10,0.16
-4.0000000000000027e-10,0.16
-3.5999999999999793e-10,0.16
-3.199999999999989e-10,0.12
-2.7999999999999986e-10,0.12
-2.399999999999975e-10,0.12
-1.9999999999999848e-10,0.12
-1.5999999999999614e-10,0.12
-1.199999999999971e-10,0.12
-7.999999999999807e-11,0.12
-3.9999999999999035e-11,0.12
0.0,0.12
3.9999999999999035e-11,0.12
7.999999999999807e-11,0.12
1.2000000000000372e-10,0.12
1.6000000000000276e-10,0.12
2.000000000000018e-10,0.12
2.400000000000008e-10,0.12
2.7999999999999986e-10,0.12
3.199999999999989e-10,0.12
3.5999999999999793e-10,0.12
4.000000000000036e-10,0.12
4.400000000000026e-10,0.12
4.800000000000017e-10,0.12
5.200000000000007e-10,0.12
5.599999999999997e-10,0.12
5.999999999999988e-10,0.12
6.399999999999978e-10,0.12
6.800000000000034e-10,0.12
7.200000000000025e-10,0.12
7.600000000000015e-10,0.12
8.000000000000005e-10,0.12
8.399999999999996e-10,0.12
8.799999999999986e-10,0.12
9.199999999999977e-10,0.12
9.600000000000033e-10,0.12
1.0000000000000023e-09,0.12
1.0400000000000014e-09,0.12
1.0800000000000004e-09,0.12
1.1199999999999994e-09,0.12
1.1599999999999985e-09,0.12
1.1999999999999975e-09,0.12
1.2400000000000032e-09,0.12
1.2800000000000022e-09,0.12
1.3200000000000012e-09,0.12
1.3600000000000003e-09,0.12
1.3999999999999993e-09,0.12
1.4399999999999983e-09,0.12
1.480000000000004e-09,0.12
1.520000000000003e-09,0.12
1.560000000000002e-09,0.16
1.600000000000001e-09,0.16
1.6400000000000001e-09,0.16
1.6799999999999992e-09,0.16
1.7199999999999982e-09,0.16
1.7600000000000038e-09,0.16
1.8000000000000029e-09,0.16
1.840000000000002e-09,0.16
1.880000000000001e-09,0.16
1.92e-09,0.16
1.959999999999999e-09,0.16
1.999999999999998e-09,0.16
2.0400000000000037e-09,0.2
2.0800000000000027e-09,0.2
2.1200000000000018e-09,0.2
2.160000000000001e-09,0.2
2.2e-09,0.2
2.239999999999999e-09,0.2
2.279999999999998e-09,0.2
2.3200000000000036e-09,0.24
2.3600000000000026e-09,0.24
2.4000000000000016e-09,0.24
2.4400000000000007e-09,0.24
2.4799999999999997e-09,0.24
2.5199999999999987e-09,0.24
2.5599999999999978e-09,0.24
2.6000000000000034e-09,0.28
2.6400000000000025e-09,0.28
2.6800000000000015e-09,0.28
2.7200000000000005e-09,0.28
2.7599999999999996e-09,0.28
2.7999999999999986e-09,0.32
2.8399999999999976e-09,0.32
2.8800000000000033e-09,0.32
2.9200000000000023e-09,0.32
2.9600000000000014e-09,0.32
3.0000000000000004e-09,0.36
3.0399999999999994e-09,0.36
3.0799999999999985e-09,0.36
3.1199999999999975e-09,0.36
3.160000000000003e-09,0.4
3.200000000000002e-09,0.4
3.2400000000000012e-09,0.4
3.2800000000000003e-09,0.4
3.3199999999999993e-09,0.44
3.3599999999999983e-09,0.44
3.3999999999999974e-09,0.44
3.440000000000003e-09,0.44
3.480000000000002e-09,0.48
3.520000000000001e-09,0.48
3.56e-09,0.48
3.599999999999999e-09,0.52
3.639999999999998e-09,0.52
3.680000000000004e-09,0.52
3.720000000000003e-09,0.56
3.760000000000002e-09,0.56
3.800000000000001e-09,0.56
3.84e-09,0.6
3.879999999999999e-09,0.6
3.919999999999998e-09,0.6
3.960000000000004e-09,0.64
4.000000000000003e-09,0.64
4.040000000000002e-09,0.68
4.080000000000001e-09,0.68
4.12e-09,0.68
4.159999999999999e-09,0.72
4.199999999999998e-09,0.72
4.2400000000000036e-09,0.72
4.280000000000003e-09,0.76
4.320000000000002e-09,0.76
4.360000000000001e-09,0.8
4.4e-09,0.8
4.439999999999999e-09,0.8
4.479999999999998e-09,0.84
4.5200000000000034e-09,0.84
4.5600000000000025e-09,0.84
4.6000000000000015e-09,0.88
4.6400000000000005e-09,0.88
4.6799999999999996e-09,0.88
4.719999999999999e-09,0.88
4.759999999999998e-09,0.92
4.800000000000003e-09,0.92
4.840000000000002e-09,0.92
4.880000000000001e-09,0.92
4.92e-09,0.96
4.9599999999999994e-09,0.96
4.9999999999999985e-09,0.96
5.0399999999999975e-09,0.96
5.080000000000003e-09,1.0
5.120000000000002e-09,1.0
5.160000000000001e-09,1.0
5.2e-09,1.0
5.239999999999999e-09,1.04
5.279999999999998e-09,1.04
5.319999999999997e-09,1.04
5.360000000000003e-09,1.04
5.400000000000002e-09,1.08
5.440000000000001e-09,1.08
5.48e-09,1.08
5.519999999999999e-09,1.08
5.559999999999998e-09,1.08
5.600000000000004e-09,1.12
5.640000000000003e-09,1.12
5.680000000000002e-09,1.12
5.720000000000001e-09,1.12
5.76e-09,1.16
5.799999999999999e-09,1.16
5.839999999999998e-09,1.16
5.880000000000004e-09,1.16
5.920000000000003e-09,1.2
5.960000000000002e-09,1.2
6.000000000000001e-09,1.2
6.04e-09,1.2
6.079999999999999e-09,1.24
6.119999999999998e-09,1.24
6.1600000000000035e-09,1.24
6.2000000000000026e-09,1.24
6.240000000000002e-09,1.24
6.280000000000001e-09,1.28
6.32e-09,1.28
6.359999999999999e-09,1.28
6.399999999999998e-09,1.28
6.440000000000003e-09,1.32
6.4800000000000024e-09,1.32
6.5200000000000015e-09,1.32
6.5600000000000005e-09,1.32
6.5999999999999995e-09,1.36
6.6399999999999986e-09,1.36
6.679999999999998e-09,1.36
6.720000000000003e-09,1.36
6.760000000000002e-09,1.4000000000000001
6.800000000000001e-09,1.4000000000000001
6.84e-09,1.4000000000000001
6.879999999999999e-09,1.4000000000000001
6.9199999999999984e-09,1.44
6.9599999999999975e-09,1.44
7.000000000000003e-09,1.44
7.040000000000002e-09,1.48
7.080000000000001e-09,1.48
7.12e-09,1.48
7.159999999999999e-09,1.48
7.199999999999998e-09,1.52
7.239999999999997e-09,1.52
7.280000000000003e-09,1.52
7.320000000000002e-09,1.52
7.360000000000001e-09,1.52
7.4e-09,1.56
7.439999999999999e-09,1.56
7.479999999999998e-09,1.56
7.519999999999997e-09,1.56
7.560000000000003e-09,1.56
7.600000000000002e-09,1.6
7.640000000000001e-09,1.6
7.68e-09,1.6
7.719999999999999e-09,1.6
7.759999999999998e-09,1.6
7.800000000000004e-09,1.6
7.840000000000003e-09,1.6
7.880000000000002e-09,1.6
7.92e-09,1.6400000000000001
7.96e-09,1.6400000000000001
7.999999999999999e-09,1.6400000000000001
8.039999999999998e-09,1.6400000000000001
8.080000000000004e-09,1.6400000000000001
8.120000000000003e-09,1.6400000000000001
8.160000000000002e-09,1.6400000000000001
8.2e-09,1.6400000000000001
8.24e-09,1.6400000000000001
8.279999999999999e-09,1.6400000000000001
8.319999999999998e-09,1.6400000000000001
8.360000000000003e-09,1.6400000000000001
8.400000000000002e-09,1.6400000000000001
8.440000000000001e-09,1.6400000000000001
8.48e-09,1.68
8.52e-09,1.68
8.559999999999999e-09,1.68
8.599999999999998e-09,1.68
8.640000000000003e-09,1.68
8.680000000000002e-09,1.68
8.720000000000001e-09,1.68
8.76e-09,1.68
8.8e-09,1.68
8.839999999999998e-09,1.68
8.879999999999997e-09,1.68
8.920000000000003e-09,1.68
8.960000000000002e-09,1.68
9.000000000000001e-09,1.68
9.04e-09,1.68
9.08e-09,1.68
9.119999999999998e-09,1.68
9.159999999999997e-09,1.68
9.200000000000003e-09,1.68
9.240000000000002e-09,1.68
9.280000000000001e-09,1.68
9.32e-09,1.68
9.359999999999999e-09,1.68
9.399999999999998e-09,1.68
9.439999999999997e-09,1.68
9.480000000000003e-09,1.72
9.520000000000002e-09,1.72
9.560000000000001e-09,1.72
9.6e-09,1.72
9.639999999999999e-09,1.72
9.679999999999998e-09,1.72
9.719999999999997e-09,1.72
9.760000000000003e-09,1.72
9.800000000000002e-09,1.72
9.84e-09,1.72
9.88e-09,1.72
9.919999999999999e-09,1.72
9.959999999999998e-09,1.72
1.0000000000000004e-08,1.72
1.0040000000000003e-08,1.72
1.0080000000000002e-08,1.72
1.012e-08,1.72
1.016e-08,1.72
1.0199999999999999e-08,1.72
1.0239999999999998e-08,1.72
1.0280000000000003e-08,1.72
1.0320000000000002e-08,1.72
1.0360000000000001e-08,1.72
1.04e-08,1.72
1.044e-08,1.72
1.0479999999999999e-08,1.72
1.0519999999999998e-08,1.72
1.0560000000000003e-08,1.76
1.0600000000000002e-08,1.76
1.0640000000000001e-08,1.76
1.068e-08,1.76
1.072e-08,1.76
1.0759999999999998e-08,1.76
1.0799999999999997e-08,1.76
1.0840000000000003e-08,1.76
1.0880000000000002e-08,1.76
1.0920000000000001e-08,1.76
1.096e-08,1.8
1.1e-08,1.8
1.1039999999999998e-08,1.8
1.1079999999999997e-08,1.8
1.1120000000000003e-08,1.8
1.1160000000000002e-08,1.8
1.1200000000000001e-08,1.8
1.124e-08,1.8
1.1279999999999999e-08,1.8
1.1319999999999998e-08,1.84
1.1359999999999997e-08,1.84
1.1400000000000003e-08,1.84
1.1440000000000002e-08,1.84
1.1480000000000001e-08,1.84
1.152e-08,1.84
1.1559999999999999e-08,1.84
1.1599999999999998e-08,1.8800000000000001
1.1639999999999997e-08,1.8800000000000001
1.1680000000000003e-08,1.8800000000000001
1.1720000000000002e-08,1.8800000000000001
1.176e-08,1.8800000000000001
1.18e-08,1.8800000000000001
1.1839999999999999e-08,1.8800000000000001
1.1879999999999998e-08,1.92
1.1919999999999997e-08,1.92
1.1960000000000003e-08,1.92
1.2000000000000002e-08,1.92
1.204e-08,1.92
1.208e-08,1.92
1.2119999999999999e-08,1.92
1.2159999999999998e-08,1.96
1.2200000000000003e-08,1.96
1.2240000000000002e-08,1.96
1.2280000000000001e-08,1.96
1.232e-08,1.96
1.236e-08,1.96
1.2399999999999999e-08,2.0
1.2439999999999998e-08,2.0
1.2480000000000003e-08,2.0
1.2520000000000002e-08,2.0
1.2560000000000001e-08,2.0
1.26e-08,2.04
1.264e-08,2.04
1.2679999999999998e-08,2.04
1.2719999999999997e-08,2.04
1.2760000000000003e-08,2.08
1.2800000000000002e-08,2.08
1.2840000000000001e-08,2.08
1.288e-08,2.08
1.292e-08,2.12
1.2959999999999998e-08,2.12
1.2999999999999997e-08,2.12
1.3040000000000003e-08,2.12
1.3080000000000002e-08,2.16
1.3120000000000001e-08,2.16
1.316e-08,2.16
1.3199999999999999e-08,2.16
1.3239999999999998e-08,2.16
1.3279999999999997e-08,2.2
1.3320000000000003e-08,2.2
1.3360000000000002e-08,2.2
1.3400000000000001e-08,2.2
1.344e-08,2.24
1.3479999999999999e-08,2.24
1.3519999999999998e-08,2.24
1.3559999999999997e-08,2.24
1.3600000000000003e-08,2.2800000000000002
1.3640000000000002e-08,2.2800000000000002
1.368e-08,2.2800000000000002
1.372e-08,2.2800000000000002
1.3759999999999999e-08,2.2800000000000002
1.3799999999999998e-08,2.2800000000000002
1.3839999999999997e-08,2.32
1.3880000000000003e-08,2.32
1.3920000000000002e-08,2.32
1.396e-08,2.32
1.4e-08,2.32
1.4039999999999999e-08,2.32
1.4079999999999998e-08,2.36
1.4119999999999997e-08,2.36
1.4160000000000002e-08,2.36
1.4200000000000001e-08,2.36
1.424e-08,2.36
1.428e-08,2.36
1.4319999999999999e-08,2.4
1.4359999999999998e-08,2.4
1.4400000000000003e-08,2.4
1.4440000000000002e-08,2.4
1.4480000000000001e-08,2.4
1.452e-08,2.4
1.456e-08,2.4
1.4599999999999998e-08,2.44
1.4639999999999997e-08,2.44
1.4680000000000003e-08,2.44
1.4720000000000002e-08,2.44
1.4760000000000001e-08,2.48
1.48e-08,2.48
1.484e-08,2.48
1.4879999999999998e-08,2.48
1.4919999999999997e-08,2.52
1.4960000000000003e-08,2.52
1.5000000000000002e-08,2.52
1.504e-08,2.52
1.508e-08,2.56
1.512e-08,2.56
1.5159999999999998e-08,2.56
1.5199999999999997e-08,2.56
1.5240000000000003e-08,2.6
1.5280000000000002e-08,2.6
1.532e-08,2.6
1.536e-08,2.6
1.54e-08,2.64
1.5439999999999998e-08,2.64
1.5479999999999997e-08,2.64
1.5520000000000003e-08,2.64
1.5560000000000002e-08,2.64
1.56e-08,2.68
1.564e-08,2.68
1.568e-08,2.68
1.5719999999999998e-08,2.68
1.5759999999999997e-08,2.68
1.5800000000000003e-08,2.68
1.584e-08,2.72
1.588e-08,2.72
1.592e-08,2.72
1.596e-08,2.72
1.5999999999999998e-08,2.72
1.6039999999999997e-08,2.72
1.6080000000000002e-08,2.72
1.612e-08,2.72
1.616e-08,2.72
1.62e-08,2.7600000000000002
1.624e-08,2.7600000000000002
1.6279999999999998e-08,2.7600000000000002
1.6319999999999997e-08,2.7600000000000002
1.6360000000000002e-08,2.7600000000000002
1.64e-08,2.7600000000000002
1.644e-08,2.7600000000000002
1.648e-08,2.7600000000000002
1.652e-08,2.7600000000000002
1.6559999999999997e-08,2.8000000000000003
1.6600000000000003e-08,2.8000000000000003
1.6640000000000002e-08,2.8000000000000003
1.668e-08,2.8000000000000003
1.672e-08,2.8000000000000003
1.676e-08,2.8000000000000003
1.6799999999999998e-08,2.8000000000000003
1.6839999999999997e-08,2.8000000000000003
1.6880000000000003e-08,2.84
1.6920000000000002e-08,2.84
1.696e-08,2.84
1.7e-08,2.84
1.704e-08,2.84
1.7079999999999998e-08,2.84
1.7119999999999997e-08,2.84
1.7160000000000003e-08,2.84
1.7200000000000002e-08,2.88
1.724e-08,2.88
1.728e-08,2.88
1.732e-08,2.88
1.7359999999999998e-08,2.88
1.7399999999999997e-08,2.88
1.7440000000000003e-08,2.88
1.7480000000000002e-08,2.88
1.752e-08,2.88
1.756e-08,2.92
1.76e-08,2.92
1.7639999999999998e-08,2.92
1.7679999999999997e-08,2.92
1.7720000000000003e-08,2.92
1.776e-08,2.92
1.78e-08,2.92
1.784e-08,2.92
1.788e-08,2.92
1.7919999999999998e-08,2.92
1.7959999999999997e-08,2.92
1.8000000000000002e-08,2.92
1.804e-08,2.92
1.808e-08,2.92
1.812e-08,2.92
1.816e-08,2.92
1.8199999999999998e-08,2.92
1.8239999999999997e-08,2.92
1.8280000000000002e-08,2.92
1.832e-08,2.96
1.836e-08,2.96
1.84e-08,2.96
1.844e-08,2.96
1.8479999999999997e-08,2.96
1.8520000000000003e-08,2.96
1.8560000000000002e-08,2.96
1.86e-08,2.96
1.864e-08,2.96
1.868e-08,2.96
1.8719999999999998e-08,2.96
1.8759999999999997e-08,2.96
1.8800000000000003e-08,2.96
1.8840000000000002e-08,2.96
1.888e-08,2.96
1.892e-08,2.96
1.896e-08,2.96
1.8999999999999998e-08,2.96
1.9039999999999997e-08,2.96
1.9080000000000003e-08,2.96
1.9120000000000002e-08,2.96
1.916e-08,2.96
1.92e-08,2.96
1.924e-08,2.96
1.9279999999999998e-08,2.96
1.9319999999999997e-08,2.96
1.9360000000000003e-08,2.96
1.9400000000000002e-08,2.96
1.944e-08,2.96
1.948e-08,2.96
1.952e-08,2.96
1.9559999999999998e-08,2.96
1.9599999999999997e-08,2.96
1.9640000000000002e-08,2.96
1.968e-08,2.96
1.972e-08,2.96
1.976e-08,2.96
1.98e-08,2.96
1.9839999999999998e-08,2.96
1.9879999999999997e-08,2.96
1.9920000000000002e-08,2.96
1.996e-08,2.96
2e-08,2.96
2.004e-08,2.96
2.008e-08,2.96
2.0119999999999998e-08,3.0
2.0159999999999997e-08,3.0
2.0200000000000002e-08,3.0
2.024e-08,3.0
2.028e-08,3.0
2.032e-08,3.0
2.036e-08,3.0
2.0399999999999997e-08,3.0
2.0439999999999996e-08,3.0
2.0480000000000002e-08,3.0
2.052e-08,3.0
2.056e-08,3.04
2.06e-08,3.04
2.0639999999999998e-08,3.04
2.0679999999999997e-08,3.04
2.0720000000000003e-08,3.04
2.0760000000000002e-08,3.04
2.08e-08,3.04
2.084e-08,3.04
2.088e-08,3.04
2.0919999999999998e-08,3.04
2.0959999999999997e-08,3.04
2.1000000000000003e-08,3.04
2.1040000000000002e-08,3.08
2.108e-08,3.08
2.112e-08,3.08
2.116e-08,3.08
2.1199999999999998e-08,3.08
2.1239999999999997e-08,3.08
2.1280000000000003e-08,3.08
2.132e-08,3.08
2.136e-08,3.08
2.14e-08,3.08
2.144e-08,3.08
2.1479999999999998e-08,3.08
2.1519999999999997e-08,3.08
2.1560000000000002e-08,3.12
2.16e-08,3.12
2.164e-08,3.12
2.168e-08,3.12
2.172e-08,3.12
2.1759999999999998e-08,3.12
2.1799999999999997e-08,3.12
2.1840000000000002e-08,3.12
2.188e-08,3.12
2.192e-08,3.12
2.196e-08,3.12
2.2e-08,3.12
2.2039999999999998e-08,3.12
2.2079999999999997e-08,3.12
2.2120000000000002e-08,3.12
2.216e-08,3.12
2.22e-08,3.12
2.224e-08,3.12
2.2279999999999998e-08,3.12
2.2319999999999997e-08,3.12
2.2359999999999996e-08,3.12
2.2400000000000002e-08,3.12
2.244e-08,3.12
2.248e-08,3.12
2.252e-08,3.16
2.2559999999999998e-08,3.16
2.2599999999999997e-08,3.16
2.2639999999999996e-08,3.16
2.2680000000000002e-08,3.16
2.272e-08,3.16
2.276e-08,3.16
2.28e-08,3.16
2.2839999999999998e-08,3.16
2.2879999999999997e-08,3.16
2.2920000000000003e-08,3.16
2.2960000000000002e-08,3.16
2.3e-08,3.16
2.304e-08,3.16
2.308e-08,3.2
2.3119999999999998e-08,3.2
2.3159999999999997e-08,3.2
2.3200000000000003e-08,3.2
2.324e-08,3.2
2.328e-08,3.2
2.332e-08,3.2
2.336e-08,3.2
2.3399999999999998e-08,3.2
2.3439999999999997e-08,3.2
2.3480000000000002e-08,3.2
2.352e-08,3.2
2.356e-08,3.24
2.36e-08,3.24
2.364e-08,3.24
2.3679999999999998e-08,3.24
2.3719999999999997e-08,3.24
2.3760000000000002e-08,3.24
2.38e-08,3.24
2.384e-08,3.24
2.388e-08,3.24
2.392e-08,3.24
2.3959999999999997e-08,3.24
2.3999999999999997e-08,3.24
2.4040000000000002e-08,3.24
2.408e-08,3.24
2.412e-08,3.24
2.416e-08,3.24
2.4199999999999998e-08,3.24
2.4239999999999997e-08,3.24
2.4279999999999996e-08,3.24
2.4320000000000002e-08,3.24
2.436e-08,3.24
2.44e-08,3.24
2.444e-08,3.24
2.4479999999999998e-08,3.2800000000000002
2.4519999999999997e-08,3.2800000000000002
2.4559999999999996e-08,3.2800000000000002
2.4600000000000002e-08,3.2800000000000002
2.464e-08,3.2800000000000002
2.468e-08,3.2800000000000002
2.472e-08,3.2800000000000002
2.4759999999999998e-08,3.2800000000000002
2.4799999999999997e-08,3.2800000000000002
2.4839999999999996e-08,3.2800000000000002
2.4880000000000002e-08,3.2800000000000002
2.492e-08,3.2800000000000002
2.496e-08,3.2800000000000002
2.5e-08,3.2800000000000002
2.5039999999999998e-08,3.2800000000000002
2.5079999999999997e-08,3.2800000000000002
2.5120000000000003e-08,3.2800000000000002
2.516e-08,3.2800000000000002
2.52e-08,3.2800000000000002
2.524e-08,3.2800000000000002
2.528e-08,3.2800000000000002
2.5319999999999998e-08,3.2800000000000002
2.5359999999999997e-08,3.2800000000000002
2.5400000000000002e-08,3.2800000000000002
2.544e-08,3.2800000000000002
2.548e-08,3.2800000000000002
2.552e-08,3.3200000000000003
2.556e-08,3.3200000000000003
2.5599999999999998e-08,3.3200000000000003
2.5639999999999997e-08,3.3200000000000003
2.5680000000000002e-08,3.3200000000000003
2.572e-08,3.3200000000000003
2.576e-08,3.3200000000000003
2.58e-08,3.3200000000000003
2.584e-08,3.3200000000000003
2.5879999999999997e-08,3.3200000000000003
2.5919999999999997e-08,3.3200000000000003
2.5960000000000002e-08,3.3200000000000003
2.6e-08,3.3200000000000003
2.604e-08,3.3200000000000003
2.608e-08,3.36
2.6119999999999998e-08,3.36
2.6159999999999997e-08,3.36
2.6199999999999996e-08,3.36
2.6240000000000002e-08,3.36
2.628e-08,3.36
2.632e-08,3.36
2.636e-08,3.36
2.6399999999999998e-08,3.36
2.6439999999999997e-08,3.36
2.6479999999999996e-08,3.36
2.6520000000000002e-08,3.36
2.656e-08,3.4
2.66e-08,3.4
2.664e-08,3.4
2.6679999999999998e-08,3.4
2.6719999999999997e-08,3.4
2.6759999999999996e-08,3.4
2.6800000000000002e-08,3.4
2.684e-08,3.4
2.688e-08,3.4
2.692e-08,3.4
2.6959999999999998e-08,3.4
2.6999999999999997e-08,3.44
2.7039999999999996e-08,3.44
2.708e-08,3.44
2.712e-08,3.44
2.716e-08,3.44
2.72e-08,3.44
2.7239999999999998e-08,3.44
2.7279999999999997e-08,3.44
2.7320000000000002e-08,3.44
2.736e-08,3.44
2.74e-08,3.44
2.744e-08,3.44
2.748e-08,3.44
2.7519999999999998e-08,3.48
2.7559999999999997e-08,3.48
2.7600000000000002e-08,3.48
2.764e-08,3.48
2.768e-08,3.48
2.772e-08,3.48
2.776e-08,3.48
2.7799999999999997e-08,3.48
2.7839999999999997e-08,3.48
2.7880000000000002e-08,3.48
2.792e-08,3.48
2.796e-08,3.48
2.8e-08,3.48
2.8039999999999998e-08,3.48
2.8079999999999997e-08,3.48
2.8119999999999996e-08,3.48
2.8160000000000002e-08,3.48
2.82e-08,3.48
2.824e-08,3.48
2.828e-08,3.48
2.8319999999999998e-08,3.48
2.8359999999999997e-08,3.48
2.8399999999999996e-08,3.48
2.8440000000000002e-08,3.48
2.848e-08,3.48
2.852e-08,3.48
2.856e-08,3.48
2.8599999999999998e-08,3.48
2.8639999999999997e-08,3.48
2.8679999999999996e-08,3.48
2.8720000000000002e-08,3.48
2.876e-08,3.44
2.88e-08,3.44
2.884e-08,3.44
2.8879999999999998e-08,3.44
2.8919999999999997e-08,3.44
2.8959999999999996e-08,3.44
2.9e-08,3.44
2.904e-08,3.44
2.908e-08,3.44
2.912e-08,3.44
2.9159999999999998e-08,3.44
2.9199999999999997e-08,3.44
2.9239999999999996e-08,3.44
2.928e-08,3.44
2.932e-08,3.44
2.936e-08,3.44
2.94e-08,3.44
2.9439999999999998e-08,3.44
2.9479999999999997e-08,3.44
2.9520000000000002e-08,3.44
2.956e-08,3.44
2.96e-08,3.44
2.964e-08,3.44
2.9680000000000005e-08,3.44
2.9719999999999997e-08,3.44
2.9760000000000003e-08,3.44
2.9799999999999996e-08,3.44
2.984e-08,3.44
2.9879999999999994e-08,3.44
2.992e-08,3.44
2.9960000000000005e-08,3.44
3e-08,3.44
3.004e-08,3.44
3.0079999999999995e-08,3.44
3.012e-08,3.44
3.0159999999999993e-08,3.44
3.02e-08,3.44
3.0240000000000005e-08,3.44
3.028e-08,3.44
3.032e-08,3.44
3.0359999999999995e-08,3.44
3.04e-08,3.44
3.0439999999999993e-08,3.44
3.048e-08,3.44
3.0520000000000005e-08,3.44
3.056e-08,3.44
3.06e-08,3.44
3.0639999999999995e-08,3.44
3.068e-08,3.44
3.071999999999999e-08,3.44
3.076e-08,3.44
3.0800000000000004e-08,3.44
3.084e-08,3.44
3.088e-08,3.44
3.0919999999999995e-08,3.44
3.096e-08,3.44
3.099999999999999e-08,3.44
3.104e-08,3.44
3.1080000000000004e-08,3.44
3.112e-08,3.44
3.116e-08,3.44
3.1199999999999995e-08,3.44
3.124e-08,3.44
3.127999999999999e-08,3.44
3.132e-08,3.44
3.1360000000000004e-08,3.44
3.1399999999999997e-08,3.44
3.144e-08,3.44
3.1479999999999995e-08,3.44
3.152e-08,3.44
3.155999999999999e-08,3.44
3.16e-08,3.44
3.1640000000000004e-08,3.44
3.1679999999999996e-08,3.44
3.172e-08,3.44
3.1759999999999995e-08,3.44
3.18e-08,3.44
3.183999999999999e-08,3.44
3.188e-08,3.44
3.1920000000000004e-08,3.44
3.1959999999999996e-08,3.44
3.2e-08,3.44
3.2039999999999994e-08,3.44
3.208e-08,3.44
3.211999999999999e-08,3.44
3.216e-08,3.44
3.2200000000000004e-08,3.44
3.2239999999999996e-08,3.44
3.228e-08,3.44
3.2319999999999994e-08,3.44
3.236e-08,3.44
3.239999999999999e-08,3.44
3.244e-08,3.44
3.2480000000000004e-08,3.44
3.2519999999999996e-08,3.44
3.256e-08,3.44
3.2599999999999994e-08,3.44
3.264e-08,3.44
3.2680000000000005e-08,3.44
3.272e-08,3.44
3.2760000000000004e-08,3.44
3.2799999999999996e-08,3.44
3.284e-08,3.44
3.2879999999999994e-08,3.44
3.292e-08,3.44
3.2960000000000005e-08,3.44
3.3e-08,3.44
3.3040000000000003e-08,3.44
3.3079999999999996e-08,3.44
3.312e-08,3.44
3.3159999999999994e-08,3.44
3.32e-08,3.44
3.3240000000000005e-08,3.44
3.328e-08,3.44
3.332e-08,3.44
3.3359999999999996e-08,3.44
3.34e-08,3.44
3.3439999999999994e-08,3.44
3.348e-08,3.44
3.3520000000000005e-08,3.44
3.356e-08,3.44
3.36e-08,3.44
3.3639999999999996e-08,3.44
3.368e-08,3.44
3.3719999999999994e-08,3.44
3.376e-08,3.44
3.3800000000000005e-08,3.44
3.384e-08,3.44
3.388e-08,3.44
3.3919999999999995e-08,3.44
3.396e-08,3.44
3.3999999999999993e-08,3.44
3.404e-08,3.44
3.4080000000000005e-08,3.44
3.412e-08,3.44
3.416e-08,3.44
3.4199999999999995e-08,3.44
3.424e-08,3.44
3.427999999999999e-08,3.44
3.432e-08,3.44
3.4360000000000005e-08,3.44
3.44e-08,3.44
3.444e-08,3.48
3.4479999999999995e-08,3.48
3.452e-08,3.48
3.455999999999999e-08,3.48
3.46e-08,3.48
3.4640000000000004e-08,3.48
3.468e-08,3.48
3.472e-08,3.48
3.4759999999999995e-08,3.48
3.48e-08,3.44
3.483999999999999e-08,3.44
3.488e-08,3.44
3.4920000000000004e-08,3.44
3.496e-08,3.44
3.5e-08,3.44
3.5039999999999995e-08,3.44
3.508e-08,3.44
3.511999999999999e-08,3.44
3.516e-08,3.44
3.5200000000000004e-08,3.44
3.5239999999999997e-08,3.44
3.528e-08,3.44
3.5319999999999995e-08,3.44
3.536e-08,3.44
3.539999999999999e-08,3.44
3.544e-08,3.44
3.5480000000000004e-08,3.44
3.5519999999999996e-08,3.44
3.556e-08,3.44
3.5599999999999995e-08,3.44
3.564e-08,3.44
3.567999999999999e-08,3.44
3.572e-08,3.44
3.5760000000000004e-08,3.44
3.5799999999999996e-08,3.44
3.584e-08,3.44
3.5879999999999994e-08,3.44
3.592e-08,3.44
3.595999999999999e-08,3.44
3.6e-08,3.44
3.6040000000000004e-08,3.44
3.6079999999999996e-08,3.44
3.612e-08,3.44
3.6159999999999994e-08,3.44
3.62e-08,3.44
3.623999999999999e-08,3.44
3.628e-08,3.44
3.6320000000000004e-08,3.44
3.6359999999999996e-08,3.44
3.64e-08,3.44
3.6439999999999994e-08,3.44
3.648e-08,3.44
3.651999999999999e-08,3.44
3.656e-08,3.44
3.6600000000000003e-08,3.44
3.6639999999999996e-08,3.44
3.668e-08,3.44
3.6719999999999994e-08,3.44
3.676e-08,3.44
3.679999999999999e-08,3.44
3.684e-08,3.44
3.6880000000000003e-08,3.44
3.6919999999999996e-08,3.44
3.696e-08,3.44
3.6999999999999994e-08,3.44
3.704e-08,3.44
3.7080000000000005e-08,3.44
3.712e-08,3.44
3.716e-08,3.44
3.7199999999999996e-08,3.44
3.724e-08,3.44
3.7279999999999994e-08,3.44
3.732e-08,3.44
3.7360000000000005e-08,3.44
3.74e-08,3.44
3.744e-08,3.44
3.7479999999999995e-08,3.44
3.752e-08,3.44
3.7559999999999994e-08,3.44
3.76e-08,3.44
3.7640000000000005e-08,3.44
3.768e-08,3.44
3.772e-08,3.44
3.7759999999999995e-08,3.44
3.78e-08,3.44
3.7839999999999993e-08,3.44
3.788e-08,3.44
3.7920000000000005e-08,3.44
3.796e-08,3.44
3.8e-08,3.44
3.8039999999999995e-08,3.44
3.808e-08,3.44
3.811999999999999e-08,3.44
3.816e-08,3.44
3.8200000000000005e-08,3.44
3.824e-08,3.44
3.828e-08,3.44
3.8319999999999995e-08,3.44
3.836e-08,3.44
3.839999999999999e-08,3.44
3.844e-08,3.48
3.8480000000000004e-08,3.48
3.852e-08,3.48
3.856e-08,3.48
3.8599999999999995e-08,3.48
3.864e-08,3.48
3.867999999999999e-08,3.48
3.872e-08,3.48
3.8760000000000004e-08,3.48
3.88e-08,3.44
3.884e-08,3.44
3.8879999999999995e-08,3.44
3.892e-08,3.44
3.895999999999999e-08,3.44
3.9e-08,3.44
3.9040000000000004e-08,3.44
3.9079999999999997e-08,3.44
3.912e-08,3.44
3.9159999999999995e-08,3.44
3.92e-08,3.44
3.923999999999999e-08,3.44
3.928e-08,3.44
3.9320000000000004e-08,3.44
3.9359999999999996e-08,3.44
3.94e-08,3.44
3.9439999999999994e-08,3.44
3.948e-08,3.44
3.951999999999999e-08,3.44
3.956e-08,3.44
3.9600000000000004e-08,3.44
3.9639999999999996e-08,3.44
3.968e-08,3.44
3.9719999999999994e-08,3.44
3.976e-08,3.44
3.979999999999999e-08,3.44
3.984e-08,3.44
3.9880000000000004e-08,3.44
3.9919999999999996e-08,3.44
3.996e-08,3.4
3.9999999999999994e-08,3.4
4.004e-08,3.4
4.007999999999999e-08,3.4
4.012e-08,3.4
4.0160000000000004e-08,3.4
4.0199999999999996e-08,3.4
4.024e-08,3.4
4.0279999999999994e-08,3.44
4.032e-08,3.44
4.035999999999999e-08,3.44
4.04e-08,3.44
4.0440000000000003e-08,3.44
4.0479999999999996e-08,3.44
4.052e-08,3.44
4.0559999999999994e-08,3.44
4.06e-08,3.44
4.063999999999999e-08,3.44
4.068e-08,3.44
4.0720000000000003e-08,3.44
4.0759999999999996e-08,3.44
4.08e-08,3.44
4.0839999999999994e-08,3.44
4.088e-08,3.44
4.091999999999999e-08,3.44
4.096e-08,3.44
4.1e-08,3.44
4.1039999999999996e-08,3.44
4.108e-08,3.44
4.1119999999999994e-08,3.44
4.116e-08,3.44
4.1200000000000005e-08,3.44
4.124e-08,3.44
4.128e-08,3.44
4.1319999999999995e-08,3.44
4.136e-08,3.44
4.1399999999999994e-08,3.44
4.144e-08,3.44
4.1480000000000005e-08,3.44
4.152e-08,3.48
4.156e-08,3.48
4.1599999999999995e-08,3.48
4.164e-08,3.48
4.1679999999999993e-08,3.48
4.172e-08,3.48
4.1760000000000005e-08,3.48
4.18e-08,3.48
4.184e-08,3.48
4.1879999999999995e-08,3.48
4.192e-08,3.48
4.195999999999999e-08,3.48
4.2e-08,3.48
4.2040000000000005e-08,3.48
4.208e-08,3.52
4.212e-08,3.52
4.2159999999999995e-08,3.52
4.22e-08,3.52
4.223999999999999e-08,3.52
4.228e-08,3.52
4.2320000000000004e-08,3.52
4.236e-08,3.52
4.24e-08,3.52
4.2439999999999995e-08,3.52
4.248e-08,3.52
4.251999999999999e-08,3.52
4.256e-08,3.56
4.2600000000000004e-08,3.56
4.2639999999999997e-08,3.56
4.268e-08,3.56
4.2719999999999995e-08,3.56
4.276e-08,3.56
4.279999999999999e-08,3.56
4.284e-08,3.56
4.2880000000000004e-08,3.56
4.2919999999999997e-08,3.56
4.296e-08,3.56
4.2999999999999995e-08,3.56
4.304e-08,3.56
4.307999999999999e-08,3.56
4.312e-08,3.56
4.3160000000000004e-08,3.56
4.3199999999999996e-08,3.56
4.324e-08,3.56
4.3279999999999994e-08,3.56
4.332e-08,3.56
4.335999999999999e-08,3.56
4.34e-08,3.56
4.3440000000000004e-08,3.56
4.3479999999999996e-08,3.56
4.352e-08,3.6
4.3559999999999994e-08,3.6
4.36e-08,3.6
4.363999999999999e-08,3.6
4.368e-08,3.6
4.3720000000000004e-08,3.6
4.3759999999999996e-08,3.6
4.38e-08,3.6
4.3839999999999994e-08,3.6
4.388e-08,3.6
4.391999999999999e-08,3.6
4.396e-08,3.6
4.4000000000000004e-08,3.6
4.4039999999999996e-08,3.64
4.408e-08,3.64
4.4119999999999994e-08,3.64
4.416e-08,3.64
4.419999999999999e-08,3.64
4.424e-08,3.64
4.4280000000000003e-08,3.64
4.4319999999999996e-08,3.64
4.436e-08,3.64
4.4399999999999994e-08,3.64
4.444e-08,3.64
4.447999999999999e-08,3.64
4.452e-08,3.68
4.456e-08,3.68
4.4599999999999996e-08,3.68
4.464e-08,3.68
4.4679999999999994e-08,3.68
4.472e-08,3.68
4.475999999999999e-08,3.68
4.48e-08,3.68
4.484e-08,3.68
4.4879999999999996e-08,3.68
4.492e-08,3.68
4.4959999999999994e-08,3.68
4.5e-08,3.68
4.503999999999999e-08,3.68
4.508e-08,3.68
4.512e-08,3.68
4.5159999999999995e-08,3.68
4.52e-08,3.68
4.5239999999999993e-08,3.68
4.528e-08,3.68
4.531999999999999e-08,3.68
4.536e-08,3.68
4.54e-08,3.68
4.5439999999999995e-08,3.68
4.548e-08,3.68
4.5519999999999993e-08,3.68
4.556e-08,3.68
4.5600000000000005e-08,3.68
4.564e-08,3.68
4.568e-08,3.64
4.5719999999999995e-08,3.64
4.576e-08,3.64
4.579999999999999e-08,3.64
4.584e-08,3.64
4.5880000000000005e-08,3.64
4.592e-08,3.64
4.596e-08,3.64
4.5999999999999995e-08,3.64
4.604e-08,3.64
4.607999999999999e-08,3.64
4.612e-08,3.64
4.6160000000000004e-08,3.6
4.62e-08,3.6
4.624e-08,3.6
4.6279999999999995e-08,3.6
4.632e-08,3.6
4.635999999999999e-08,3.6
4.64e-08,3.6
4.6440000000000004e-08,3.6
4.6479999999999997e-08,3.6
4.652e-08,3.6
4.6559999999999995e-08,3.6
4.66e-08,3.6
4.663999999999999e-08,3.6
4.668e-08,3.6
4.6720000000000004e-08,3.6
4.6759999999999997e-08,3.6
4.68e-08,3.56
4.6839999999999995e-08,3.56
4.688e-08,3.56
4.691999999999999e-08,3.56
4.696e-08,3.56
4.7000000000000004e-08,3.56
4.7039999999999996e-08,3.56
4.708e-08,3.56
4.7119999999999994e-08,3.56
4.716e-08,3.56
4.719999999999999e-08,3.56
4.724e-08,3.56
4.7280000000000004e-08,3.56
4.7319999999999996e-08,3.56
4.736e-08,3.56
4.7399999999999994e-08,3.56
4.744e-08,3.6
4.747999999999999e-08,3.6
4.752e-08,3.6
4.7560000000000004e-08,3.6
4.7599999999999996e-08,3.6
4.764e-08,3.6
4.7679999999999994e-08,3.6
4.772e-08,3.6
4.775999999999999e-08,3.6
4.78e-08,3.6
4.7840000000000004e-08,3.6
4.7879999999999996e-08,3.6
4.792e-08,3.6
4.7959999999999994e-08,3.6
4.8e-08,3.6
4.803999999999999e-08,3.6
4.808e-08,3.6
4.8120000000000003e-08,3.6
4.8159999999999996e-08,3.6
4.82e-08,3.6
4.8239999999999994e-08,3.6
4.828e-08,3.6
4.831999999999999e-08,3.6
4.836e-08,3.6
4.84e-08,3.6
4.8439999999999996e-08,3.64
4.848e-08,3.64
4.8519999999999994e-08,3.64
4.856e-08,3.64
4.859999999999999e-08,3.64
4.864e-08,3.64
4.868e-08,3.64
4.8719999999999996e-08,3.64
4.876e-08,3.64
4.8799999999999994e-08,3.6
4.884e-08,3.6
4.887999999999999e-08,3.6
4.892e-08,3.6
4.896e-08,3.6
4.8999999999999995e-08,3.6
4.904e-08,3.6
4.9079999999999993e-08,3.6
4.912e-08,3.6
4.915999999999999e-08,3.6
4.92e-08,3.6
4.924e-08,3.6
4.9279999999999995e-08,3.6
4.932e-08,3.6
4.9359999999999993e-08,3.6
4.94e-08,3.6
4.943999999999999e-08,3.6
4.948e-08,3.6
4.952e-08,3.6
4.9559999999999995e-08,3.6
4.96e-08,3.6
4.963999999999999e-08,3.6
4.968e-08,3.6
4.971999999999999e-08,3.6
4.976e-08,3.6
4.98e-08,3.6
4.9839999999999995e-08,3.6
4.988e-08,3.6
4.991999999999999e-08,3.6
4.996e-08,3.56
5.0000000000000004e-08,3.56
5.004e-08,3.56
5.008e-08,3.56
5.0119999999999995e-08,3.56
5.016e-08,3.56
5.019999999999999e-08,3.56
5.024e-08,3.56
5.0280000000000004e-08,3.6
5.0319999999999997e-08,3.6
5.036e-08,3.6
5.0399999999999995e-08,3.6
5.044e-08,3.6
5.047999999999999e-08,3.6
5.052e-08,3.6
5.0560000000000004e-08,3.6
5.0599999999999996e-08,3.6
5.064e-08,3.6
5.0679999999999995e-08,3.6
5.072e-08,3.6
5.075999999999999e-08,3.6
5.08e-08,3.6
5.0840000000000004e-08,3.6
5.0879999999999996e-08,3.6
5.092e-08,3.6
5.0959999999999994e-08,3.6
5.1e-08,3.6
5.103999999999999e-08,3.6
5.108e-08,3.6
5.1120000000000004e-08,3.6
5.1159999999999996e-08,3.6
5.12e-08,3.6
5.1239999999999994e-08,3.6
5.128e-08,3.6
5.131999999999999e-08,3.6
5.136e-08,3.6
5.1400000000000004e-08,3.6
5.1439999999999996e-08,3.64
5.148e-08,3.64
5.1519999999999994e-08,3.64
5.156e-08,3.64
5.159999999999999e-08,3.64
5.164e-08,3.64
5.1680000000000004e-08,3.64
5.1719999999999996e-08,3.64
5.176e-08,3.64
5.1799999999999994e-08,3.6
5.184e-08,3.6
5.187999999999999e-08,3.6
5.192e-08,3.6
5.1960000000000003e-08,3.6
5.1999999999999996e-08,3.6
5.204e-08,3.6
5.2079999999999994e-08,3.6
5.212e-08,3.6
5.215999999999999e-08,3.6
5.22e-08,3.6
5.224e-08,3.6
5.2279999999999996e-08,3.6
5.232e-08,3.6
5.2359999999999994e-08,3.6
5.24e-08,3.6
5.243999999999999e-08,3.6
5.248e-08,3.6
5.252e-08,3.6
5.2559999999999996e-08,3.6
5.26e-08,3.6
5.2639999999999994e-08,3.6
5.268e-08,3.6
5.271999999999999e-08,3.6
5.276e-08,3.6
5.28e-08,3.6
5.2839999999999995e-08,3.6
5.288e-08,3.6
5.2919999999999993e-08,3.6
5.296e-08,3.6
5.299999999999999e-08,3.6
5.304e-08,3.6
5.308e-08,3.6
5.3119999999999995e-08,3.6
5.316e-08,3.6
5.319999999999999e-08,3.6
5.324e-08,3.6
5.327999999999999e-08,3.6
5.332e-08,3.6
5.336e-08,3.6
5.3399999999999995e-08,3.6
5.344e-08,3.6
5.347999999999999e-08,3.64
5.352e-08,3.64
5.355999999999999e-08,3.64
5.36e-08,3.64
5.364e-08,3.64
5.3679999999999995e-08,3.64
5.372e-08,3.64
5.375999999999999e-08,3.64
5.38e-08,3.64
5.383999999999999e-08,3.64
5.388e-08,3.64
5.392e-08,3.64
5.3959999999999995e-08,3.64
5.4e-08,3.64
5.403999999999999e-08,3.64
5.408e-08,3.64
5.4120000000000004e-08,3.64
5.4159999999999997e-08,3.64
5.42e-08,3.64
5.4239999999999995e-08,3.64
5.428e-08,3.64
5.431999999999999e-08,3.64
5.436e-08,3.64
5.4400000000000004e-08,3.64
5.4439999999999996e-08,3.64
5.448e-08,3.64
5.4519999999999995e-08,3.64
5.456e-08,3.64
5.459999999999999e-08,3.64
5.464e-08,3.64
5.4680000000000004e-08,3.64
5.4719999999999996e-08,3.64
5.476e-08,3.6
5.4799999999999994e-08,3.6
5.484e-08,3.6
5.487999999999999e-08,3.6
5.492e-08,3.6
5.4960000000000004e-08,3.6
5.4999999999999996e-08,3.6
5.504e-08,3.6
5.5079999999999994e-08,3.6
5.512e-08,3.6
5.515999999999999e-08,3.6
5.52e-08,3.6
5.5240000000000004e-08,3.6
5.5279999999999996e-08,3.6
5.532e-08,3.6
5.5359999999999994e-08,3.6
5.54e-08,3.6
5.543999999999999e-08,3.6
5.548e-08,3.6
5.5520000000000003e-08,3.6
5.5559999999999996e-08,3.6
5.56e-08,3.6
5.5639999999999994e-08,3.6
5.568e-08,3.6
5.571999999999999e-08,3.6
5.576e-08,3.6
5.5800000000000003e-08,3.6
5.5839999999999996e-08,3.6
5.588e-08,3.6
5.5919999999999994e-08,3.6
5.596e-08,3.6
5.599999999999999e-08,3.6
5.604e-08,3.6
5.608e-08,3.6
5.6119999999999996e-08,3.6
5.616e-08,3.6
5.6199999999999994e-08,3.6
5.624e-08,3.6
5.627999999999999e-08,3.6
5.632e-08,3.6
5.636e-08,3.6
5.6399999999999995e-08,3.6
5.644e-08,3.64
5.6479999999999994e-08,3.64
5.652e-08,3.64
5.655999999999999e-08,3.64
5.66e-08,3.64
5.664e-08,3.64
5.6679999999999995e-08,3.64
5.672e-08,3.64
5.6759999999999993e-08,3.64
5.68e-08,3.64
5.683999999999999e-08,3.64
5.688e-08,3.6
5.692e-08,3.6
5.6959999999999995e-08,3.6
5.7e-08,3.6
5.703999999999999e-08,3.6
5.708e-08,3.6
5.711999999999999e-08,3.6
5.716e-08,3.6
5.72e-08,3.6
5.7239999999999995e-08,3.6
5.728e-08,3.6
5.731999999999999e-08,3.6
5.736e-08,3.6
5.739999999999999e-08,3.6
5.744e-08,3.6
5.748e-08,3.6
5.7519999999999995e-08,3.6
5.756e-08,3.6
5.759999999999999e-08,3.6
5.764e-08,3.6
5.767999999999999e-08,3.6
5.772e-08,3.6
5.776e-08,3.56
5.7799999999999995e-08,3.56
5.784e-08,3.56
5.787999999999999e-08,3.56
5.792e-08,3.56
5.795999999999999e-08,3.56
5.7999999999999997e-08,3.56
5.804e-08,3.56
5.8079999999999995e-08,3.56
5.812e-08,3.56
5.815999999999999e-08,3.56
5.82e-08,3.56
5.823999999999999e-08,3.56
5.8279999999999996e-08,3.56
5.832e-08,3.56
5.8359999999999995e-08,3.56
5.84e-08,3.56
5.843999999999999e-08,3.56
5.848e-08,3.56
5.8520000000000004e-08,3.56
5.8559999999999996e-08,3.56
5.86e-08,3.56
5.8639999999999994e-08,3.56
5.868e-08,3.52
5.871999999999999e-08,3.52
5.876e-08,3.52
5.8800000000000004e-08,3.52
5.8839999999999996e-08,3.52
5.888e-08,3.52
5.8919999999999994e-08,3.52
5.896e-08,3.52
5.899999999999999e-08,3.52
5.904e-08,3.52
5.9080000000000004e-08,3.52
5.9119999999999996e-08,3.52
5.916e-08,3.48
5.9199999999999994e-08,3.48
5.924e-08,3.48
5.927999999999999e-08,3.48
5.932e-08,3.48
5.9360000000000003e-08,3.48
5.9399999999999996e-08,3.48
5.944e-08,3.48
5.9479999999999994e-08,3.48
5.952e-08,3.48
5.955999999999999e-08,3.48
5.96e-08,3.48
5.964e-08,3.48
5.967999999999999e-08,3.44
5.972000000000001e-08,3.44
5.976e-08,3.44
5.979999999999999e-08,3.44
5.983999999999999e-08,3.44
5.988e-08,3.44
5.992e-08,3.44
5.995999999999999e-08,3.44
6.000000000000001e-08,3.44
6.004e-08,3.44
6.007999999999999e-08,3.44
6.011999999999999e-08,3.44
6.016e-08,3.44
6.02e-08,3.44
6.023999999999999e-08,3.44
6.028000000000001e-08,3.44
6.032e-08,3.44
6.035999999999999e-08,3.44
6.039999999999998e-08,3.44
6.044e-08,3.44
6.048e-08,3.44
6.051999999999999e-08,3.44
6.056000000000001e-08,3.44
6.06e-08,3.44
6.063999999999999e-08,3.44
6.067999999999998e-08,3.44
6.072e-08,3.44
6.076e-08,3.44
6.079999999999999e-08,3.44
6.084000000000001e-08,3.44
6.088e-08,3.44
6.091999999999999e-08,3.44
6.095999999999998e-08,3.44
6.1e-08,3.44
6.104e-08,3.44
6.107999999999999e-08,3.44
6.112000000000001e-08,3.44
6.116e-08,3.44
6.119999999999999e-08,3.44
6.123999999999998e-08,3.44
6.128e-08,3.44
6.132e-08,3.44
6.135999999999999e-08,3.44
6.140000000000001e-08,3.44
6.144e-08,3.48
6.147999999999999e-08,3.48
6.151999999999998e-08,3.48
6.156e-08,3.48
6.16e-08,3.48
6.163999999999999e-08,3.48
6.168000000000001e-08,3.48
6.172e-08,3.48
6.175999999999999e-08,3.48
6.179999999999998e-08,3.44
6.184e-08,3.44
6.188e-08,3.44
6.191999999999999e-08,3.44
6.196000000000001e-08,3.44
6.2e-08,3.44
6.203999999999999e-08,3.44
6.207999999999998e-08,3.44
6.212e-08,3.44
6.216e-08,3.44
6.219999999999999e-08,3.44
6.224000000000001e-08,3.44
6.228e-08,3.44
6.231999999999999e-08,3.44
6.235999999999998e-08,3.44
6.24e-08,3.44
6.244e-08,3.44
6.247999999999999e-08,3.44
6.252e-08,3.44
6.256e-08,3.44
6.259999999999999e-08,3.44
6.263999999999998e-08,3.44
6.268e-08,3.44
6.272e-08,3.44
6.275999999999999e-08,3.44
6.28e-08,3.44
6.284e-08,3.44
6.287999999999999e-08,3.44
6.292000000000001e-08,3.44
6.296e-08,3.4
6.3e-08,3.4
6.303999999999999e-08,3.4
6.308e-08,3.4
6.312e-08,3.4
6.315999999999999e-08,3.4
6.320000000000001e-08,3.4
6.324e-08,3.4
6.328e-08,3.44
6.331999999999999e-08,3.44
6.336e-08,3.44
6.34e-08,3.44
6.343999999999999e-08,3.44
6.348000000000001e-08,3.44
6.352e-08,3.44
6.356e-08,3.44
6.359999999999999e-08,3.44
6.364e-08,3.44
6.368e-08,3.44
6.371999999999999e-08,3.44
6.376000000000001e-08,3.44
6.38e-08,3.44
6.384e-08,3.44
6.387999999999999e-08,3.44
6.392e-08,3.44
6.396e-08,3.44
6.399999999999999e-08,3.44
6.404000000000001e-08,3.44
6.408e-08,3.44
6.412e-08,3.44
6.415999999999999e-08,3.44
6.42e-08,3.44
6.424e-08,3.44
6.427999999999999e-08,3.44
6.432000000000001e-08,3.44
6.436e-08,3.44
6.44e-08,3.44
6.443999999999999e-08,3.44
6.448e-08,3.44
6.452e-08,3.48
6.455999999999999e-08,3.48
6.460000000000001e-08,3.48
6.464e-08,3.48
6.468e-08,3.48
6.471999999999999e-08,3.48
6.476e-08,3.48
6.48e-08,3.48
6.483999999999999e-08,3.48
6.488000000000001e-08,3.48
6.492e-08,3.48
6.496e-08,3.48
6.499999999999999e-08,3.48
6.504e-08,3.48
6.508e-08,3.48
6.511999999999999e-08,3.48
6.516000000000001e-08,3.48
6.52e-08,3.48
6.524e-08,3.48
6.527999999999999e-08,3.48
6.532e-08,3.48
6.536e-08,3.48
6.539999999999999e-08,3.48
6.544000000000001e-08,3.48
6.548e-08,3.48
6.552e-08,3.52
6.555999999999999e-08,3.52
6.56e-08,3.52
6.564e-08,3.52
6.567999999999999e-08,3.52
6.572000000000001e-08,3.52
6.576e-08,3.52
6.58e-08,3.52
6.583999999999999e-08,3.52
6.588e-08,3.52
6.592e-08,3.52
6.595999999999999e-08,3.52
6.600000000000001e-08,3.52
6.604e-08,3.56
6.608e-08,3.56
6.611999999999999e-08,3.56
6.616e-08,3.56
6.62e-08,3.56
6.623999999999999e-08,3.56
6.628000000000001e-08,3.56
6.632e-08,3.56
6.635999999999999e-08,3.56
6.639999999999999e-08,3.56
6.644e-08,3.56
6.648e-08,3.56
6.651999999999999e-08,3.6
6.656000000000001e-08,3.6
6.66e-08,3.6
6.663999999999999e-08,3.6
6.667999999999999e-08,3.6
6.672e-08,3.6
6.676e-08,3.6
6.679999999999999e-08,3.6
6.684000000000001e-08,3.6
6.688e-08,3.6
6.691999999999999e-08,3.6
6.695999999999999e-08,3.6
6.7e-08,3.6
6.704e-08,3.6
6.707999999999999e-08,3.6
6.712000000000001e-08,3.6
6.716e-08,3.6
6.719999999999999e-08,3.6
6.723999999999999e-08,3.6
6.728e-08,3.6
6.732e-08,3.6
6.735999999999999e-08,3.6
6.740000000000001e-08,3.6
6.744e-08,3.6
6.747999999999999e-08,3.6
6.751999999999999e-08,3.6
6.756e-08,3.6
6.76e-08,3.6
6.763999999999999e-08,3.6
6.768000000000001e-08,3.56
6.772e-08,3.56
6.775999999999999e-08,3.56
6.779999999999999e-08,3.56
6.784e-08,3.56
6.788e-08,3.56
6.791999999999999e-08,3.56
6.796000000000001e-08,3.56
6.8e-08,3.56
6.803999999999999e-08,3.56
6.807999999999998e-08,3.56
6.812e-08,3.56
6.816e-08,3.52
6.819999999999999e-08,3.52
6.824000000000001e-08,3.52
6.828e-08,3.52
6.831999999999999e-08,3.52
6.835999999999998e-08,3.52
6.84e-08,3.52
6.844e-08,3.52
6.847999999999999e-08,3.52
6.852000000000001e-08,3.52
6.856e-08,3.52
6.859999999999999e-08,3.52
6.863999999999998e-08,3.52
6.868e-08,3.52
6.872e-08,3.52
6.875999999999999e-08,3.52
6.880000000000001e-08,3.48
6.884e-08,3.48
6.887999999999999e-08,3.48
6.891999999999998e-08,3.48
6.896e-08,3.48
6.9e-08,3.48
6.903999999999999e-08,3.48
6.908000000000001e-08,3.48
6.912e-08,3.48
6.915999999999999e-08,3.48
6.919999999999998e-08,3.48
6.924e-08,3.48
6.928e-08,3.48
6.931999999999999e-08,3.48
6.936000000000001e-08,3.48
6.94e-08,3.48
6.943999999999999e-08,3.52
6.947999999999998e-08,3.52
6.952e-08,3.52
6.956e-08,3.52
6.959999999999999e-08,3.52
6.964000000000001e-08,3.52
6.968e-08,3.52
6.971999999999999e-08,3.52
6.975999999999998e-08,3.52
6.98e-08,3.52
6.984e-08,3.52
6.987999999999999e-08,3.52
6.992000000000001e-08,3.52
6.996e-08,3.52
